No,RS,X,Y
1,RSUD Lubuk Basung,100.030952741,-0.313880234
